accuracy,model,seed,fold,n_test
0.8333333333333334,sweep_mel80_f300_maxpool_valid,42,0,30
0.8333333333333334,sweep_mel80_f300_maxpool_valid,42,1,24
0.8666666666666667,sweep_mel80_f300_maxpool_valid,42,2,30
0.875,sweep_mel80_f300_maxpool_valid,42,3,24
0.9166666666666666,sweep_mel80_f300_maxpool_valid,42,4,24
