{
  "statistic": 54.81820161114741,
  "p_value": 1.915912946485082e-06,
  "n_folds": 22,
  "n_models": 16,
  "avg_ranks": {
    "fusion_concat": 8.636363636363637,
    "fusion_gated": 8.659090909090908,
    "fusion_xattn": 8.068181818181818,
    "knn": 11.454545454545455,
    "little2009": 10.931818181818182,
    "logreg": 5.409090909090909,
    "mobilenetv2": 5.7727272727272725,
    "moro2019": 9.818181818181818,
    "neurovoz2024": 8.545454545454545,
    "random_forest": 7.5227272727272725,
    "resnet18": 7.181818181818182,
    "svm_rbf": 7.75,
    "tsanas2012": 11.636363636363637,
    "vasquez2018": 6.613636363636363,
    "wav2vec2": 9.795454545454545,
    "xgboost": 8.204545454545455
  },
  "critical_difference": 4.757184448682632,
  "low_power": false
}